Pass Number (DUO)	Name	Name 2	29-Sep	30-Sep	01-Oct	03-Oct	05-Oct	06-Oct	07-Oct	08-Oct	09-Oct	10-Oct
5	KASHISH SINGHARIA	NAINA PANCHAL	Present	Present	Present	Present	Present	Present	Present	Present	Present	Present
6	ROSHNI BHADORIYA	RAJ SINGH BHAGEDI			Present							
19	ROUNAK MAKRAYA	MAHIMASEN									Present	
25	PRIYANSHU PRASHANT	SAHARSH TIWARI		Present	Present		Present					
26	SWAPNIL MEENA	ANJALI HASIJA							Present	Present	Present	
33	ROHIT PATEL 	SIMRAN KUSHWAHA			Present							
39	DEVRAJ SINGH CHOUHAN 	TANISHA BAND			Present		Present					
40	PRIYANSHI CHAWLA	VAIDHI PARMAR		Present			Present					
62	RANI CHOURASHIYA	ROSHINI MEENA					Present		Present	Present		
68	DEV LODHI	ANSH YADAV							Present			
73	GAUTAM SHAH	VINOD SHAH						Present		Present		
81	RIJAK GUMBER	VINAYAK SHARMA		Present								
82	SWAYAM RAJPUT	SHIVANGI DHAKAR		Present	Present	Present	Present		Present	Present	Present	
89	RIYA PATEL	SANJANA PATEL 							Present			
99	RUDRA PRATAP SINGH	ANJALI SONI			Present		Present					
108	PAYAL SINGH	PRINCE PATEL							Present			
110	PRAGATI KUSHWAHA 	PUJA MANDAL							Present			
132	MANISHA MEENA	AASHI RAGHUVANSHI						Present				
137	AVIKA ARTHEY	AKANSHA KHARE					Present					
152	KHUSHI THAKUR	RAGHAV SRIVASTAVA	Present	Present								
156	AASTHA BAGHEL	ISHAN PATEL			Present		Present	Present	Present	Present	Present	Present
157	VINEET TIWARI	ISHIKA SAHANE		Present	Present		Present	Present	Present	Present	Present	Present
158	AMAR DANDE	HARSHITA JADHAV		Present	Present	Present	Present	Present	Present	Present	Present	Present
160	SARVAGYA KUSHWAHA 	DIVYANI JADHAV		Present	Present		Present	Present	Present	Present		Present
166	SHIVANGI GUPTA	AMAN GAUTAM							Present		Present	
172	ISHIKA TIWARI	MANTHAN 	Present				Present					
178	KANAK ANDANI 	HARSH VARDHAN PATEL							Present		Present	
179	ADITI BATHA	RITIK CHAUHAN 							Present		Present	
181	ARYAN KUMAR SINGH	SAKSHI DANGI									Present	
182	RAM DETHLIYA	ADITYA AMAN			Present							
183	ASHI RATHORE	KRISHIKA KUMARI			Present							
184	SHIVI TIWARI	HIMANI YEDE			Present							
195	SHAGUN VERMA	NIKITA KUNDELKAR			Present							
196	NIRANJANA SINGH	STUTI SAXENA			Present							
222	CHARVI CHOURASIYA	ABIRA SAXENA								Present		
225	BHAVESH KARADE	NIKHIL RAGHUWANSHI			Present							
229	AARAV DUBEY	ARYAN KUMAR SINGH								Present		
272	PRASIKH  SAHU	ISHAN TAYADE						Present	Present			
275	SAMARENDRA SINGH	PRANJAL MAHAR		Present					Present	Present		
276	YATISH  VISHWAKARMA	YOGESH YADAV							Present	Present		
277	KANISHKA SHARMA	ABHISHEK RAJAWAT		Present								
281	ARSIF KHAN	MEHER MALVIYA								Present	Present	
282	KRISHNA PRATAP SINGH	ANUPAM KUMAR								Present	Present	Present
283	ANUKALP SHARMA	ADDYA DIWEDI		Present								
284	KANIKA GAWANDE	OSHIN XALXO		Present			Present	Present	Present	Present	Present	
285	KANAK VAERMAN 	POONAM PANCHESHWAR		Present			Present	Present	Present	Present		
291	ANANYA RATHODE	ABHINAY SIGH RATHODE			Present		Present		Present			
296	ANKUSH SHAH	AMAN JAISWAL		Present			Present					
300	VANSHIKA PARMAR	RADHA PATHAK					Present					
307	SHIVANI KUMARI	SHREYA PATEL			Present		Present	Present	Present			
310	PIYUSH YADAV	ANKIT SHARMA		Present								
314	VIVEK SINGH	SWATI KORRAM		Present	Present				Present			Present
315	SUMAN GUPTA	RATNA SINGH 		Present	Present	Present	Present	Present	Present		Present	Present
316	AJAY SINGH RAJPUT	PRATYAKSH MAITHIL	Present	Present								
317	KUSHI PAWAR	PRIYANSHI SINHG								Present		
323	GOURAV DEHARYA	SACHINN MEENA									Present	
325	NANDANI DUBEY	MAYANK PATEL	Present					Present				
334	HUZEFA MOHOMMMAD	VAISHNAVI SEN			Present		Present					
335	ADITI DIXIT	PRANJALI MANDLOY		Present			Present					
336	KANISHCA KOSTA	SOMESH MEHRA		Present								
337	SONAKSHI SALVE	SANKET SRIVASTAVA					Present	Present	Present	Present	Present	
340	ANKITA PANDIT	MAHI JHA							Present		Present	
345	ROHAN VERMA 	GARIMA JAISWAL			Present							
349	VIBHA BARMAN	RADHIKA YADUWANSHI								Present	Present	
362	CHHAYANK JOSHI	PRIYANSHU BANURIYA					Present	Present	Present	Present	Present	
363	MARIYAM KHAN	JATIN SHRIVASYAV					Present	Present	Present	Present	Present	
364	ISHIKA MISHRA 	PALAK SAHU						Present	Present	Present	Present	Present
365	TANMAY SONI	APARNA VISWAKARA					Present	Present	Present	Present	Present	
368	OJASWANI KHATRI	AADHYA RAI						Present				
369	SHIVAM KUMAR PATEL	SURGESH AHIRWAR			Present							
370	KHUSHI PANDEY	KASHVI LODHI			Present		Present	Present	Present	Present		
371	PRISHA AGNIOTRI	FARDEEN QUORESHI			Present			Present	Present	Present		
375	HARSHVARDHANT GAIKWARD	ABHISHAKE SINGH						Present				
376	JAIYESH BIYANI	PAVITRA BIDUA						Present				
391	SANJANA YADAV	PRIYANSHU RATHORE				Present		Present				
401	NANDINI MORE	DIYA PARDARSHINI			Present	Present						
405	NOMAN KHAN	KRISHNA DWAIDI									Present	
406	ARMAN RAJA	----									Present	
413	PARNJALI FALKE	VIDYA PATLE								Present		
414	SHRUTI PATANKAR	RITU AMRUTE								Present		
423	RITIKA TIWARI	ABHISHAEK MEENA					Present	Present	Present		Present	
424	EKTA BANJARA	NIRJALA NETAM								Present	Present	
426	KRISH SONARE	SWAYAM RAGHUWANSHI			Present							
427	DIVYANSHI VERMA	ADITYA LOWANSHI 			Present							
429	ANSHIKA JHA	----					Present	Present				
433	ARSHITA DARYANI	HARSHITA JAISWAL					Present	Present	Present	Present		
440	EKTA LOWANSHI	YASH WARULA					Present	Present	Present			
441	TANISHQA BAIRAGI	PURTI MISHRA						Present	Present			
442	UDITA LOWANSHI	RUPAL DHURVAY					Present	Present	Present	Present	Present	
443	VANSHIKA BAIGA	RIYA SIKANIYA						Present		Present	Present	Present
501	MADHUR TAMRAKAR	ANUSHRI SEN			Present							
503	KUNAL RATHORE	-----							Present			
504	VISHAL VISHWAKARMA	RADHIKA MEHER			Present		Present					
903	SANSKAR NIRWAHA	KAVYANSH SRIVASTAVA		Present	Present							
910	OM NARAYAN MISHRA 	RITESH PATEL								Present		
911	SHRAJAN CHAURASIA	PRAKHAR PATIL							Present			
915	PRACHI CHOURI	GAURI DIXIT					Present	Present	Present			
917	SANDEEP MEENA	-----					Present					
920	SEJAL GUPTA	RAGHVENDRA CHAUHAN		Present			Present					
924	YUVRAJ SINGH KUSHWAHA	PURNIMA MEENA		Present	Present	Present		Present	Present	Present	Present	Present
925	DIVYANSH SHUKLA	VAISHNAVI KAITHWAR		Present	Present	Present	Present	Present	Present	Present	Present	Present
926	SIMRAN SHAH	KHUSHI KUMARI		Present			Present	Present				
928	PALAK JAIN	AASTHA SONI	Present	Present	Present		Present		Present			
935	PRIYANKA JOSHI	ARJUN SHARMA								Present	Present	Present
936	HARSHIT JAIN	ANSH TIWARI		Present	Present		Present		Present	Present	Present	Present
937	AAROHI SIKARWAL	NIVEDITA TIWARI			Present			Present	Present		Present	Present
938	SOHINI SAXENA	SIDHI MALIK	Present	Present					Present	Present	Present	Present
939	PRATIKSHA SINGH	ANSHIKA SINGH	Present	Present			Present		Present		Present	Present
940	 SAKSHI RAI	AARY VEER SHIIKARWAR	Present					Present	Present		Present	
943	ROSE RAJAK	SAHIL RAIKWAR							Present	Present		
949	 AKSHAT AGNIHOTRI	MAYANK VERMA					Present	Present	Present	Present		
951	NISHIKA SINNGH	DEEPA SHAH							Present			
953	TANMAY SINGH	ASHWINI SHRIVASTAV							Present			
966	KRITIKA TIWARI 	JIGAR CHOUHAN					Present	Present	Present	Present		
969	JATIN MEENA	JAYDIP SINGH SOLANKI		Present								
970	SHRISTI  MAKORAYA	ISHIKA SHARMA	Present	Present					Present			
975	SIDHIKA PATHAK	DEV KUMAR	Present	Present	Present		Present					
982	VANSHIKA DAHAIYA	ANUSHIKA MISHRA	Present	Present						Present		
985	CHINMAY K AJIT	KRISHNA HARJANDANI					Present	Present		Present		Present
986	JYOTI PATWA	SOHANI PRAJAPATI						Present				
988	KRISH MEHRA	UDITA MEHRA						Present	Present			
989	VAISHNAVI GUPTA	SNEHA BAHOTRA						Present	Present			
994	MONISH ANSARI	SHAILA ANSARI								Present		
995	YASHASHVI INGLY	ANIKET JAIN								Present	Present	Present
998	KHUSHI KUMARI	MEHEK CHOUDARY				Present	Present					
