Pass Number (STAG),Name,29-Sep,30-Sep,01-Oct,03-Oct,05-Oct,06-Oct,07-Oct,08-Oct,09-Oct,10-Oct
3,RIYA PANDEY,,,,,,Present,Present,,,
7,SHUBH SEN,,,,,,Present,Present,,,
22,PRATEEK KARDE,,,,,,,Present,,Present,
23,KHUSHI SAINI,,Present,,,,,,Present,,
27,SOMYA JOSHI,,,,,,,,Present,,
28,ADITI SINGH,,Present,Present,Present,Present,,,,,
29,PUSHPAM PANDEY ,,Present,,Present,Present,Present,Present,Present,Present,Present
30,RAKHI SAHU,,Present,,,Present,,,,,
34,KANISHKA PARIHAR,,,Present,,Present,Present,Present,,Present,Present
51,PRIYANSHU BUNDELA,,,,,,Present,,,,
54,NANCY MEENA,,,Present,,,,,,,
58,RANJANA DANGE,,,Present,,,Present,,,,
63,ASMI SINGH ,,,,,Present,,,,,
64,PRANJAL JAIN,,,,,Present,Present,,,Present,
75,PRACHI CHOUKIKAR,,,,,Present,,,,,
91,SHREYANSH MARAVI,,,Present,Present,Present,Present,Present,Present,Present,
94,ISHITA SWARNKAR,,,,,Present,Present,Present,Present,Present,Present
108,SHASHANK KASHYAP,,,,,,,Present,,Present,
149,ANSHIKA TIWARI,,,,,Present,Present,Present,Present,,
151,VAIBHAV MAHENDRA GUPTA,,,Present,,,,,,,
171,VASHNAVI PRAJAPATI,,,,,,Present,,,,
177,DISHITA SACHDEV,,,,,Present,Present,Present,Present,,
184,SAHIL SONI,,,,,,Present,Present,,,
193,ROSHNI,,Present,,,,,,,,
196,PANKHUDI BHOSLE,,,Present,,Present,Present,Present,Present,,Present
402,SANSKAR SHARMA,,,,,,Present,,Present,,
403,ANKUR SONI,,Present,Present,,Present,,,,,
406,KRISH SOLANKI,,,,Present,Present,,,,,
408,GURPREET KOUR,,Present,,,Present,,,Present,,
409,YOGESH YADAV,,,Present,,Present,,,Present,Present,
411,YOGENDRA SINGH ,,,Present,,Present,Present,Present,Present,Present,
412,VASHNAVI VISHWAKARMA,,,,,,Present,,,,Present
416,PRATIKSHA DANDGE,Present,Present,Present,Present,Present,Present,,Present,Present,Present
417,NIKHAR AGARWAL,Present,Present,,,Present,,Present,,,Present
419,NIRAJ PACHORI,,,,,,,Present,,,
423,AKSHITA MAHESHWARI,,,,,Present,Present,Present,Present,,
